0,Jr. Web Developer, span class  summary   b Jr  b   WebpageFX is looking for a passionate  efficient  b Jr  b   Passion for web development  likes to get things done  commitment to delivering high quality and defect     span ,12 days ago,0,"Harrisburg, PA"
1,Junior Software Engineer, span class  summary  Due to the continued success that Hiperos enjoys  we are growing our team and are seeking a  b Junior  b  Software Engineer to join our engineering team located in     span ,30+ days ago,0,"Pittsburgh, PA"
2,Multi-Media Specialist (Junior), span class  summary  itemprop  description   MacAulay Brown is seeking a Visual Information Specialist to support the production and dissemination of finished geospatial intelligence  GEOINT  products   span ,Just posted,0,"Springfield, VA"
3,Software Engineer, span class  summary  itemprop  description   Ensures quality assurance methods and practices are followed in assigned projects via design review and review of  b junior  b  team member s work      span ,Just posted,0,"Arlington Heights, IL"
4,AML Associate-6, span class  summary  itemprop  description   Serving as subject matter expertise for peers and more  b junior  b  Investigators within the Team and mentoring guiding those individuals      span ,Just posted,0,"Riverwoods, IL"
5,EHS Jr. Technician, span class  summary  itemprop  description   Hillphoenix AMS has an opening for an EHS  b Jr  b   This is an exciting opportunity to become part of the AMS team promoting workplace health and safety in a fast     span ,Just posted,0,"Chino, CA 91710"
6,Junior Business System Analyst, span class  summary  itemprop  description   SSG has a client in Tampa  Florida  FL  that is seeking multiple  b Junior  b  and Senior Business System Analysts      span ,Just posted,1,"Tampa, FL"
7,Junior Staff Accountant, span class  summary  itemprop  description   General Purpose Responsible for the general accounting function including preparing journal entries  maintaining balance sheet schedules and ledgers and  span ,Just posted,1,"Iselin, NJ 08830"
8,Office Manager, span class  summary  itemprop  description   We are currently seeking an experienced office manger to fill a position at our Dyersburg  TN location  JR s Auto Sales is growing and as a result  offers  span ,Just posted,1,"Jackson, TN"
9,Jr. Business Analyst, span class  summary  itemprop  description   Have a working knowledge or understanding of the touch points between two or more of the business process groups  Broad experience in applications and  span ,Just posted,1,"Gurnee, IL 60031"
10,Software Developer II, span class  summary  itemprop  description   As an Associate Software Engineer  you will design  develop and deliver solutions to clients while developing yourself and coaching  b junior  b  team members      span ,Just posted,0,"Rosslyn, VA"
11,Help Wanted, span class  summary  itemprop  description   Now hiring at 1235 East 2100 South  Salt Lake     span ,Just posted,1,"Salt Lake City, UT"
12,Junior Estimator/Project Manager & Sales Support, span class  summary  Entry Level Construction Estimator Project Engineer  Sales Support   Based in Fremont CA  DRYCO Construction is seeking an entry level Estimator Project  span ,4 days ago,0,"Fremont, CA"
13,Growing Tech Company Junior/MidLevel Systems Engineer, span class  summary  We are a customer service focused  Technology Value Added Reseller  Our engineering team is the backbone of our organization performing full service  span ,30+ days ago,0,"Los Angeles, CA"
14,Junior Software Engineer, span class  summary  Some key tasks for  b Junior  b  Software Engineer are listed as below  Works with Senior Software Engineers and the Director of Information Services on various     span ,30+ days ago,0,"Mountain View, CA"
0,Jr. .Net Developer, span class  summary  Job Description     Key Responsibilities duties     Development of C  Web  amp  Console applications with a mix of GUI and server side development    span ,Just posted,0,"New York, NY"
1,Junior Business Analyst, span class  summary  itemprop  description   The  b Junior  b  Business Analyst will perform various tasks within the Project Control Team supporting the Illinois IV amp V Project      span ,Just posted,0,Illinois
2,Jr Product Manager, span class  summary  itemprop  description   Responsibilities     Act as the subject matter expert for your market and understand how your product fits within it   Project coordination  market research  span ,Just posted,1,"New York, NY"
3,Junior Software Engineer, span class  summary  itemprop  description    b JUNIOR  b  SOFTWARE ENGINEER  The  b Junior  b  Software Engineer applies principles of engineering and software development specifically towards the design of     span ,Just posted,0,"Boston, MA"
4,Junior Network Engineer, span class  summary  itemprop  description   Position Responsibilities   Implement Cisco routers and switches  collaboration voice  wireless  and security IT solutions at client sites   Remove all  span ,Just posted,1,"New York, NY"
5,JUNIOR EQUITY MARKET ANALYST, span class  summary  itemprop  description   Candidate must be able to analyze financial statements  interpret data regarding equities and relationships with macro economic drivers and the overall stock  span ,Just posted,1,"New York, NY 10004 "
6,Jr. Software Developer, span class  summary  itemprop  description   We are seeking highly motivated individuals who are looking for an opportunity to grow their career in application development and IT consulting  What You Can  span ,Just posted,1,"Richmond, VA"
7,Jr. Cyber Analyst, span class  summary  itemprop  description   The successful candidate will provide Cyber Security Analysis  which include  Monitoring indicators and warnings of threats and potential threats to voice   span ,Just posted,0,"Washington, DC"
8,Jr. Java Developer, span class  summary  itemprop  description   EAD GC Citizen encourage to apply  Client is not willing to file H1B Java  J2EE   Spring framework  with knowledge of Spring MVC    Client side UI  span ,Just posted,1,"Oaks, PA"
9,Jr. Java Developer, span class  summary  itemprop  description   Job Description The candidate will coordinate with functional staff  project management  and client representatives using Agile methdologies to build rich  span ,Just posted,1,"New York, NY"
10,Junior Data Analyst, span class  summary  itemprop  description   We are currently seeking  two  b Junior  b  Data Analysts   The primary role of the  b Junior  b  Data Analyst is to gather  classify  and enter into our database pertinent     span ,Just posted,1,"Santa Rosa, CA 95403"
11,Junior Estimator/Project Manager & Sales Support, span class  summary  Entry Level Construction Estimator Project Engineer  Sales Support   Based in Fremont CA  DRYCO Construction is seeking an entry level Estimator Project  span ,4 days ago,0,"Fremont, CA"
12,Junior Software Engineer, span class  summary  Due to the continued success that Hiperos enjoys  we are growing our team and are seeking a  b Junior  b  Software Engineer to join our engineering team located in     span ,30+ days ago,0,"Pittsburgh, PA"
13,Growing Tech Company Junior/MidLevel Systems Engineer, span class  summary  We are a customer service focused  Technology Value Added Reseller  Our engineering team is the backbone of our organization performing full service  span ,30+ days ago,0,"Los Angeles, CA"
0,Jr. Web Developer, span class  summary   b Jr  b   WebpageFX is looking for a passionate  efficient  b Jr  b   Passion for web development  likes to get things done  commitment to delivering high quality and defect     span ,12 days ago,0,"Harrisburg, PA"
1,Growing Tech Company Junior/MidLevel Systems Engineer, span class  summary  We are a customer service focused  Technology Value Added Reseller  Our engineering team is the backbone of our organization performing full service  span ,30+ days ago,0,"Los Angeles, CA"
2,Junior Software Engineer, span class  summary  Some key tasks for  b Junior  b  Software Engineer are listed as below  Works with Senior Software Engineers and the Director of Information Services on various     span ,30+ days ago,0,"Mountain View, CA"
3,Junior Buyer, span class  summary  itemprop  description    b Junior  b  Buyer to work in office of a light industrial manufacturing food packaging company  Ideal background includes but is not limited to       span ,Just posted,1,"Stratford, CT"
4,Branch Services Representative III, span class  summary  itemprop  description   Displays eagerness in assisting  b junior  b  staff to resolve member issues  Branch Services Representative III      span ,Just posted,1,"San Francisco, CA"
5,BCBA, span class  summary  itemprop  description   Mentor and meet quarterly with assigned  b junior  b  clinical staff prepare and review quarterly performance evaluations  818 345 2345 x 1052      span ,Just posted,1,"Gonzales, LA"
6,"Analytical Sscientist, Formulations Support, Method Development", span class  summary  itemprop  description   Finally  to provide coaching and mentoring for more  b junior  b  scientists  including assisting with planning and execution of Analytical Research Projects      span ,Just posted,1,"Vandalia, OH"
7,CCIE Network Engineer, span class  summary  itemprop  description   Train and mentor other  b junior  b  engineers in design  troubleshooting and maintenance activities  Gather network requirements from client      span ,Just posted,1,"Bethesda, MD"
8,Junior Product Engineer, span class  summary  itemprop  description   The  b Junior  b  Product Engineer will have duties and responsibilities that include  but are not limited to  the following areas       span ,Just posted,0,"North Mankato, MN"
9,JR. Technical Designer, span class  summary  itemprop  description   Unique Vintage is seeking an organized and detail oriented  b Jr  b   Technical Designer This is a full time position with health  dental and vision benefits      span ,Just posted,1,"Burbank, CA 91504"
10,Junior Software Engineer (Requires U.S. Citizenship), span class  summary  itemprop  description   You thrive with cutting edge technologies  You develop innovative software  You tackle software integration and testing  You possess effective communication  span ,Just posted,1,"Fort Meade, MD"
11,Part Time Desk Attendant, span class  summary  itemprop  description   Part Time Desk Attendant  Receptionist  Desk Attendant  Secretary  Office Assistant  Office  b Junior  b   Administrative Assistant  Admin Assistant  Front Desk     span ,Just posted,0,"St. Louis, MO"
12,Sales Representative, span class  summary  itemprop  description   Is a  b junior  b  participant in team accounts  This position is a  b junior  b  full line sales representative with the role to profitably maintain and grow IP sales by     span ,Just posted,0,"Newton, NC 28658"
13,Junior Estimator/Project Manager & Sales Support, span class  summary  Entry Level Construction Estimator Project Engineer  Sales Support   Based in Fremont CA  DRYCO Construction is seeking an entry level Estimator Project  span ,4 days ago,0,"Fremont, CA"
14,Junior Software Engineer, span class  summary  Due to the continued success that Hiperos enjoys  we are growing our team and are seeking a  b Junior  b  Software Engineer to join our engineering team located in     span ,30+ days ago,0,"Pittsburgh, PA"
0,Junior Software Engineer, span class  summary  Some key tasks for  b Junior  b  Software Engineer are listed as below  Works with Senior Software Engineers and the Director of Information Services on various     span ,30+ days ago,0,"Mountain View, CA"
1,Growing Tech Company Junior/MidLevel Systems Engineer, span class  summary  We are a customer service focused  Technology Value Added Reseller  Our engineering team is the backbone of our organization performing full service  span ,30+ days ago,0,"Los Angeles, CA"
2,Junior Software Engineer, span class  summary  Due to the continued success that Hiperos enjoys  we are growing our team and are seeking a  b Junior  b  Software Engineer to join our engineering team located in     span ,30+ days ago,0,"Pittsburgh, PA"
3,Deskside Engineer-1566778, span class  summary  itemprop  description   THIS IS A  b JUNIOR  b  LEVEL POSITION   Hewlett Packard Enterprise creates new possibilities for technology to have a meaningful impact on people  businesses      span ,Just posted,1,"Indianapolis, IN"
4,Intern/Co-op - IT Services, span class  summary  itemprop  description   Sophomore   b Junior  b   Senior  amp  Graduate level candidates  MARATHON PETROLEUM COMPANY      span ,Just posted,0,United States
5,"Specialist, Bus Consulting", span class  summary  itemprop  description   Reports performance in a way that generates a balanced and rational response from senior and  b junior  b  management      span ,Just posted,0,"Dublin, OH"
6,Medical Writing - 42401_3, span class  summary  itemprop  description   Ability to mentor more  b junior  b  colleagues and external vendors  The Medical Writing Author creates documents pertaining to clinical data and post marketing     span ,Just posted,1,"Peapack, NJ"
7,Lead Scientist (BioPhysical Characterization), span class  summary  itemprop  description   Develop and execute laboratory work plans schedules for self and  b junior  b  members of team  using customer milestones and Division Site performance standards and     span ,Just posted,0,"Morrisville, PA"
8,Medical Writing - 42401_2, span class  summary  itemprop  description   Ability to mentor more  b junior  b  colleagues and external vendors  The Medical Writing Author creates documents pertaining to clinical data and post marketing     span ,Just posted,1,"Collegeville, PA"
9,Field Exam Analyst, span class  summary  itemprop  description   Assists management in the training and development of  b junior  b  and new Field Examiners  Evaluate  b junior  b    new field examiners progress and report such to the     span ,Just posted,0,"East Brunswick, NJ"
10,Junior Level - Business Analyst, span class  summary  itemprop  description   We are looking for  b Junior  b  Level Business Analyst Candidates  Certification of Competency in Business Analysis  CCBA  Required       span ,Just posted,1,"Palm Beach Gardens, FL"
11,Sustainability Services Manager, span class  summary  itemprop  description   Positions open in the NYC area include Sustainability Manager  Senior Commissioning Engineer and  b Junior  b    If you live in NYC or want to relocate there  and are     span ,Just posted,1,"New York, NY"
12,Software Engineer, span class  summary  itemprop  description   The Software Engineer   Senior Level shall be required to lead and mentor  b junior  b  team members  guide users in formulating requirements  advise on alternative     span ,Just posted,0,"Annapolis, MD"
13,Junior Estimator/Project Manager & Sales Support, span class  summary  Entry Level Construction Estimator Project Engineer  Sales Support   Based in Fremont CA  DRYCO Construction is seeking an entry level Estimator Project  span ,4 days ago,0,"Fremont, CA"
14,Jr. Web Developer, span class  summary   b Jr  b   WebpageFX is looking for a passionate  efficient  b Jr  b   Passion for web development  likes to get things done  commitment to delivering high quality and defect     span ,12 days ago,0,"Harrisburg, PA"
0,Growing Tech Company Junior/MidLevel Systems Engineer, span class  summary  We are a customer service focused  Technology Value Added Reseller  Our engineering team is the backbone of our organization performing full service  span ,30+ days ago,0,"Los Angeles, CA"
1,Junior Software Engineer, span class  summary  Due to the continued success that Hiperos enjoys  we are growing our team and are seeking a  b Junior  b  Software Engineer to join our engineering team located in     span ,30+ days ago,0,"Pittsburgh, PA"
2,Jr .Net Application Developer, span class  summary  itemprop  description   As a  b Jr  b   PNW BOCES  Education Services  is seeking a  b Jr  b    NET Application Developer with a good blend of design  analytical  and application development skills     span ,Just posted,1,"Yorktown Heights, NY 10598"
3,Jr. .Net Developer, span class  summary  itemprop  description   Job Description     Key Responsibilities duties     Development of C  Web  amp  Console applications with a mix of GUI and server side development    span ,Just posted,1,"New York, NY"
4,Junior Application Developer, span class  summary  itemprop  description   General Purpose  The Jr  Application Developer s role is to analyze  design  code  test  implement and maintain software programs and systems to support the  span ,Just posted,0,"Fremont, CA"
5,Junior Engineer, span class  summary  itemprop  description   The  b Junior  b  Engineer is considered a trainee classification within the engineering series and provides formal training to employees with limited or no related     span ,Just posted,1,"Fairfield, CA 94533"
6,Software Engineer (Junior/Mid/Senior), span class  summary  itemprop  description    b Junior  b    7 years  level 1   The Software Developer  Junior Mid Senior  serves as a member of a technical SIGINT tool development team responsible for taking     span ,Just posted,0,Maryland
7,Junior Graphic Designer, span class  summary  itemprop  description    b Junior  b  Graphic Designer  The Marketing Communications team is currently seeking a highly motivated and innovative  b Junior  b  Graphic Designer      span ,Just posted,0,"Philadelphia, PA"
8,Junior Service Now Developer, span class  summary  itemprop  description   Role Description The Developer will participate to build a greenfield ServiceNow implementation for the NIBR Informatics organization  This role will have  span ,Just posted,1,"Cambridge, MA"
9,Junior Web Developer, span class  summary  itemprop  description   As a full time in house  b Junior  b  Web Developer for Beavercreek Marketing  the selected candidate would be part of a dynamic team that creates  designs  and     span ,Just posted,1,"Grand Island, NE"
10,Consultant, span class  summary  itemprop  description   You will have the opportunity to present your findings to your team  and as you develop  you will work independently to execute projects  direct more  b junior  b      span ,Just posted,0,"Washington, DC 20036 "
11,Engineering Support, span class  summary  itemprop  description   Act as a mentor to  b junior  b  technicians  IMMEDIATE NEED for HVAC Controls Technician        span ,Just posted,1,"San Bruno, CA 94066"
12,Junior Estimator/Project Manager & Sales Support, span class  summary  Entry Level Construction Estimator Project Engineer  Sales Support   Based in Fremont CA  DRYCO Construction is seeking an entry level Estimator Project  span ,4 days ago,0,"Fremont, CA"
13,Jr. Web Developer, span class  summary   b Jr  b   WebpageFX is looking for a passionate  efficient  b Jr  b   Passion for web development  likes to get things done  commitment to delivering high quality and defect     span ,12 days ago,0,"Harrisburg, PA"
14,Junior Software Engineer, span class  summary  Some key tasks for  b Junior  b  Software Engineer are listed as below  Works with Senior Software Engineers and the Director of Information Services on various     span ,30+ days ago,0,"Mountain View, CA"
0,Jr. Web Developer, span class  summary   b Jr  b   WebpageFX is looking for a passionate  efficient  b Jr  b   Passion for web development  likes to get things done  commitment to delivering high quality and defect     span ,12 days ago,0,"Harrisburg, PA"
1,Junior Software Engineer, span class  summary  Due to the continued success that Hiperos enjoys  we are growing our team and are seeking a  b Junior  b  Software Engineer to join our engineering team located in     span ,30+ days ago,0,"Pittsburgh, PA"
2,Junior Recruiter, span class  summary  itemprop  description   For a high energy  detail oriented  self motivated  b Junior  b  Recruiter to join our fast paced  rapidly growing environmental consulting firm      span ,Just posted,1,"East Windsor, NJ"
3,Jr. Shopify Programmer, span class  summary  itemprop  description   Description   As an E commerce Web Developer experienced in Shopify and Joomla  you will be responsible for supporting existing and developing new e  span ,Just posted,1,"New York, NY"
4,Junior High School, span class  summary  itemprop  description   PERFORMANCE RESPONSIBILITIES    Plans an educational system which makes sure students meet the Common Core State Standards    Designs and uses lesson plans as  span ,Just posted,0,"Idaho Falls, ID 83401"
5,Jr. HTML/CSS Developer, span class  summary  itemprop  description   The primary duties of the  b Junior  b  HTML CSS Developer require an ability to balance multiple projects and timelines in a fast paced environment with minimal     span ,Just posted,1,"Binghamton, NY 13904"
6,Junior Developer Analyst, span class  summary  itemprop  description   This hourly  non  exempt  entry level position serves and supports each of the business units of First American Bank through the analysis of business needs  span ,Just posted,0,"Elk Grove Village, IL 60007"
7,Research Associate I, span class  summary  itemprop  description   May supervise  b junior  b  or support staff  Trains and provides guidance or administrative direction to  b junior  b  staff      span ,Just posted,0,"New York, NY 10014 "
8,Junior QA Engineer, span class  summary  itemprop  description   Join Resolvit as a  b Junior  b  QA Engineer and be part of a creative  forward thinking team  As the  b Junior  b  QA Engineer   you will perform quality assurance  QA  and     span ,Just posted,0,"Morrisville, NC"
9,Junior QA Engineer – DICOM, span class  summary  itemprop  description   Join Resolvit as a  b Junior  b  QA Engineer   DICOM and be part of a creative  forward thinking team  As the  b Junior  b  Engineer   DICOM   you will perform quality     span ,Just posted,0,"Morrisville, NC"
10,Junior Technicians, span class  summary  itemprop  description   Verigent  a telecommunications staffing firm  is in need of Junior Technicians to assist with a long term commercial project in Orange County  CA   Prior  span ,Just posted,1,"Orange, CA"
11,Jr. iOS Developer, span class  summary  itemprop  description   Job Description Skills Required     Bachelor s Degree in Computer Science or other related field 3  years of experience in OO Programming Objective C    span ,Just posted,1,"New York, NY"
12,Junior Estimator/Project Manager & Sales Support, span class  summary  Entry Level Construction Estimator Project Engineer  Sales Support   Based in Fremont CA  DRYCO Construction is seeking an entry level Estimator Project  span ,4 days ago,0,"Fremont, CA"
13,Growing Tech Company Junior/MidLevel Systems Engineer, span class  summary  We are a customer service focused  Technology Value Added Reseller  Our engineering team is the backbone of our organization performing full service  span ,30+ days ago,0,"Los Angeles, CA"
14,Junior Software Engineer, span class  summary  Some key tasks for  b Junior  b  Software Engineer are listed as below  Works with Senior Software Engineers and the Director of Information Services on various     span ,30+ days ago,0,"Mountain View, CA"
0,Junior Software Engineer, span class  summary  Some key tasks for  b Junior  b  Software Engineer are listed as below  Works with Senior Software Engineers and the Director of Information Services on various     span ,30+ days ago,0,"Mountain View, CA"
1,Junior Software Engineer, span class  summary  Due to the continued success that Hiperos enjoys  we are growing our team and are seeking a  b Junior  b  Software Engineer to join our engineering team located in     span ,30+ days ago,0,"Pittsburgh, PA"
2,PL3 ISSE Junior (IA), span class  summary  itemprop  description   Title of Position  PL3 ISSE Junior Education and Experience Required  Three  3  years of ISSE experience   B S  in Computer Science or related field may be     span ,Just posted,0,"Annapolis Junction, MD"
3,Jr. Credit Mgr., span class  summary  itemprop  description   Large swimming pool distribution co in Ontario looking for a  b Jr  b   Credit Manager to join our team      span ,Just posted,1,"Ontario, CA 91761"
4,Junior Art Director, span class  summary  itemprop  description   TAG Creative is currently looking for a  b Junior  b  Art Director to join the team full time  You will work under the direction of the Creative Director      span ,Just posted,1,"New York, NY 10016 "
5,Junior Program Analyst, span class  summary  itemprop  description   Tetra Tech AMT is looking for a  b Junior  b  Program Analyst  This opportunity is contingent upon contract award      span ,Just posted,0,"Arlington, VA"
6,Community Life Assistant-ALF, span class  summary  itemprop  description   Tealwood Care Center is looking to add a Community Life Assistant to their team  This position will be responsible for planning and administering of  span ,Just posted,0,"Minneapolis, MN"
7,Junior CADD Technician, span class  summary  itemprop  description   Michael Baker International is seeking a Junior CADD Technician to join our Harrisburg  PA office  The successfulcandidate will be responsible for CADD  span ,Just posted,0,"Harrisburg, PA"
8,US Field Marketing Junior Specialist - New York, span class  summary  itemprop  description   We are looking for a motivated  results driven and hands on field marketing  b junior  b  specialist  VIE type of contract  to lead Dataiku marketing deployment in the     span ,Just posted,1,"New York, NY"
9,Director of Youth Programs and Head Coach, span class  summary  itemprop  description   Train and supervise  b junior  b  team coaches  This role will be responsible for the implementation of competitive and  b junior  b  team programs during the bulk of the     span ,Just posted,1,"Charlotte, NC"
10,Java Developer, span class  summary  itemprop  description   Java Developer Topeka  KS 12 Months Contract   Design  implement and testing Web based and Java based Batch Processing Application using technologies tools      span ,Just posted,1,"Seattle, WA"
11,Junior Full-Stack Developer, span class  summary  itemprop  description   Take your career to the next level as a  b Junior  b  Full Stack Developer with Resolvit  As the  b Junior  b  Full Stack Developer  you will work on an application that is     span ,Just posted,0,"New Orleans, LA"
12,Junior Estimator/Project Manager & Sales Support, span class  summary  Entry Level Construction Estimator Project Engineer  Sales Support   Based in Fremont CA  DRYCO Construction is seeking an entry level Estimator Project  span ,4 days ago,0,"Fremont, CA"
13,Growing Tech Company Junior/MidLevel Systems Engineer, span class  summary  We are a customer service focused  Technology Value Added Reseller  Our engineering team is the backbone of our organization performing full service  span ,30+ days ago,0,"Los Angeles, CA"
14,Jr. Web Developer, span class  summary   b Jr  b   WebpageFX is looking for a passionate  efficient  b Jr  b   Passion for web development  likes to get things done  commitment to delivering high quality and defect     span ,12 days ago,0,"Harrisburg, PA"
0,Junior Software Engineer, span class  summary  Some key tasks for  b Junior  b  Software Engineer are listed as below  Works with Senior Software Engineers and the Director of Information Services on various     span ,30+ days ago,0,"Mountain View, CA"
1,Junior Software Engineer, span class  summary  Due to the continued success that Hiperos enjoys  we are growing our team and are seeking a  b Junior  b  Software Engineer to join our engineering team located in     span ,30+ days ago,0,"Pittsburgh, PA"
2,Jr. Web Developer, span class  summary   b Jr  b   WebpageFX is looking for a passionate  efficient  b Jr  b   Passion for web development  likes to get things done  commitment to delivering high quality and defect     span ,12 days ago,0,"Harrisburg, PA"
3,"Tier 2 Technical Support in Missoula, MT area", span class  summary  itemprop  description   Lead and mentor  b junior  b  Customer Support Engineers on Managed Service products and methodology  THIS POSITION REQUIRES EMPLOYEE TO BE LOCATED IN THE MISSOULA  MT     span ,Just posted,1,"Missoula, MT"
4,Campus Recruiter - Finance Analyst Programs, span class  summary  itemprop  description   The goal of the Finance Campus Programs are to attract  develop  and retain a diverse pipeline of  b junior  b  talent who can efficiently and effectively deliver     span ,Just posted,0,"New York, NY"
5,Field Service 1 Vernal AB, span class  summary  itemprop  description   The J R  Simplot Company is a diverse  privately held organization  with roots firmly planted in agriculture and agriculture related businesses  These  span ,Just posted,0,"Vernal, UT 84078"
6,Cashier, span class  summary  itemprop  description   3650 Martin Luther King  b Jr  b   Krispy Krunchy Chicken Baldwin Hills Plaza       span ,Just posted,1,"Los Angeles, CA 90008"
7,Fashion + Pop Culture Public Relations INTERN, span class  summary  itemprop  description   Applicants should be rising  b juniors  b   seniors  or graduate students  Our fashion  pop culture  tech  beauty and lifestyle firm based in the heart of Manhattan is     span ,Just posted,1,"New York, NY 10016 "
8,Broadcast Technician, span class  summary  itemprop  description   Job Title  Broadcast Technician Department  Cruise Programs Position Summary The Broadcast Technician is responsible for the total operation of the  span ,Just posted,0,United States
9,Rocky Mt. Jr. - Student Advocate Aide, span class  summary  itemprop  description    b Jr  b   A position has been declared open in the Weber School District at Rocky Mt      span ,Just posted,0,"West Haven, UT"
10,Android Lead, span class  summary  itemprop  description   Work with customers  designers and UX experts to design and develop solutions to challenging problems  leading teams and mentoring more  b junior  b  engineers      span ,Just posted,1,"Seattle, WA"
11,Contributor Software Development, span class  summary  itemprop  description    b Junior  b  Developer on the award winning TripCase mobile and desktop application development team  Contributor Software Development      span ,Just posted,0,"Dallas-Fort Worth, TX"
12,Junior High/High School Mathematics, span class  summary  itemprop  description   This position would require someone who could teach Geometry  7th and 8th grade mathematics along with a bible class and an elective  Job Type  Full time  span ,Just posted,1,"Houston, TX 77062 "
13,Junior Estimator/Project Manager & Sales Support, span class  summary  Entry Level Construction Estimator Project Engineer  Sales Support   Based in Fremont CA  DRYCO Construction is seeking an entry level Estimator Project  span ,4 days ago,0,"Fremont, CA"
14,Growing Tech Company Junior/MidLevel Systems Engineer, span class  summary  We are a customer service focused  Technology Value Added Reseller  Our engineering team is the backbone of our organization performing full service  span ,30+ days ago,0,"Los Angeles, CA"
0,Junior Software Engineer, span class  summary  Some key tasks for  b Junior  b  Software Engineer are listed as below  Works with Senior Software Engineers and the Director of Information Services on various     span ,30+ days ago,0,"Mountain View, CA"
1,Growing Tech Company Junior/MidLevel Systems Engineer, span class  summary  We are a customer service focused  Technology Value Added Reseller  Our engineering team is the backbone of our organization performing full service  span ,30+ days ago,0,"Los Angeles, CA"
2,Jr. Accounting Systems Consultant (Sales Coordinator), span class  summary  itemprop  description   We are seeking an entry level  b Junior  b  Accounting Systems Consultant to assist us with meeting our sales goals      span ,Just posted,1,"Columbia, MD"
3,"Supervisor, Digital Activation", span class  summary  itemprop  description   Assist in the training of  b junior  b  team members  May be responsible for working with supervisor to develop and oversee  b junior  b  staff  manage time  assure projects     span ,Just posted,1,"New York, NY"
4,Jr. Accounts Receivable Clerk, span class  summary  itemprop  description   Business Unit  ASC Industries  Inc  Job Title  Jr  Accounts Receivable Clerk City  Canton State  OHIO JOB PURPOSE Records payments to customers  accounts and     span ,Just posted,0,"Canton, OH"
5,Junior .Net Developer - Only USC or GC, span class  summary  itemprop  description   Responsibilities    Write Microsoft  NET code based on requirements defined in use cases    Develop Object Oriented code and or provide maintenance and  span ,Just posted,1,"Rockville, MD"
6,Data Engineer II, span class  summary  itemprop  description   Data Engineer II Minneapolis  MN or King of Prussia  PA The primary responsibility of the Software Engineer II is to work with the data team to build out a     span ,Just posted,0,"Minneapolis, MN"
7,IT Business Analyst, span class  summary  itemprop  description   Encourage  b Junior  b  Innovators to assist their development within the company  San Juan  PR      span ,Just posted,1,"San Juan, PR 00911"
8,QA Engineer - Jr., span class  summary  itemprop  description     Work under the direction of UDI Project Manager to plan and execute project deliverables required to implement FDA UDI requirements at suppliers  including  span ,Just posted,0,"Santa Clara, CA"
9,Java Developer - Amelia Humanization, span class  summary  itemprop  description   Our  b junior  b  developers are eager to take on assignments and relish the opportunity to learn from senior staff  As we expand our artificial intelligence platform      span ,Just posted,0,"New York, NY 10004 "
10,"Jr. System Admin_Windows. Dallas,TX", span class  summary  itemprop  description   Hello  We currently have a Contract opportunity for Jr  System Administrator with our clients at Dallas  TX   If you are interested in the     span ,Just posted,1,"Dallas, TX"
11,Kids Activities Team Member, span class  summary  itemprop  description   At Life Time  the safety of our  b junior  b  member is a top priority  As a Kids Activities Team Member  you ll play an important role in providing a fun      span ,Just posted,0,"Rochester Hills, MI"
12,Junior Estimator/Project Manager & Sales Support, span class  summary  Entry Level Construction Estimator Project Engineer  Sales Support   Based in Fremont CA  DRYCO Construction is seeking an entry level Estimator Project  span ,4 days ago,0,"Fremont, CA"
13,Junior Software Engineer, span class  summary  Due to the continued success that Hiperos enjoys  we are growing our team and are seeking a  b Junior  b  Software Engineer to join our engineering team located in     span ,30+ days ago,0,"Pittsburgh, PA"
14,Jr. Web Developer, span class  summary   b Jr  b   WebpageFX is looking for a passionate  efficient  b Jr  b   Passion for web development  likes to get things done  commitment to delivering high quality and defect     span ,12 days ago,0,"Harrisburg, PA"
0,Jr. Web Developer, span class  summary   b Jr  b   WebpageFX is looking for a passionate  efficient  b Jr  b   Passion for web development  likes to get things done  commitment to delivering high quality and defect     span ,12 days ago,0,"Harrisburg, PA"
1,Junior Software Engineer, span class  summary  Due to the continued success that Hiperos enjoys  we are growing our team and are seeking a  b Junior  b  Software Engineer to join our engineering team located in     span ,30+ days ago,0,"Pittsburgh, PA"
2,Data Innovation - Unpaid Internship, span class  summary  itemprop  description   Have obtained at least  b junior  b  status in a Bachelor degree program  Unpaid Interns participate with the County in an educational or academic capacity designed to     span ,Just posted,0,"Salt Lake City, UT"
3,Mergers & Acquisitions Vice President, span class  summary  itemprop  description   Coach and develop  b junior  b  team members  Associates  Analysts and Interns  by serving as a teaching resource and through the delegation of appropriate work     span ,Just posted,0,"Philadelphia, PA"
4,Junior Web Developer, span class  summary  itemprop  description   Our client in Nashville is looking to hire a  b Junior  b  Web Developer for a permanent opportunity with their growing team      span ,Just posted,0,"Nashville, TN"
5,General Sales Manager, span class  summary  itemprop  description   We are currently seeking an experienced general sales manger to fill a position at our Dyersburg  TN location  JR s Auto Sales is growing and as a result   span ,Just posted,1,"Jackson, TN"
6,Junior Accountant, span class  summary  itemprop  description   Center City Philadelphia law real estate fim has a position for a  b junior  b  accountant with 4 years general accounting experience to aid with expenses allocation      span ,Just posted,1,"Philadelphia, PA"
7,Corporate Account Manager - B2B Sales, span class  summary  itemprop  description   Career path opportunities to become  b Junior  b  Sales Manager and further managerial positions  Shoplet is an  online       span ,Just posted,1,"New York, NY 10006 "
8,Junior Graphic/Web Designer, span class  summary  itemprop  description   The RPM team is seeking a forward thinking  creative and energetic  b junior  b  designer to join us  Join the ThomasNet  Results Powered Marketing  RPM  team      span ,Just posted,1,"New York, NY 10001 "
9,National Assessment Group (NAG) Junior Operations Analyst or Engineer, span class  summary  itemprop  description   MacB is recruiting for Engineering  Technical  and Assessment Support  ETAS  for a contract supporting the National Assessment Group  NAG  at Kirtland AFB  NM  span ,Just posted,0,"Albuquerque, NM"
10,Department Chair, span class  summary  itemprop  description   And guide the mentorship of  b junior  b  faculty  Main Campus  Houghton  MI       span ,Just posted,0,"Houghton, MI"
11,Acting and Voice Instructors Needed for Junior Conservatories, span class  summary  itemprop  description   Acting and Voice Instructors Needed for  b Junior  b  Conservatories at OCEAA  OCEAA is launching  b junior  b  arts conservatories for talented students as part of our after     span ,Just posted,0,"Santa Ana, CA 92701"
12,Junior Estimator/Project Manager & Sales Support, span class  summary  Entry Level Construction Estimator Project Engineer  Sales Support   Based in Fremont CA  DRYCO Construction is seeking an entry level Estimator Project  span ,4 days ago,0,"Fremont, CA"
13,Growing Tech Company Junior/MidLevel Systems Engineer, span class  summary  We are a customer service focused  Technology Value Added Reseller  Our engineering team is the backbone of our organization performing full service  span ,30+ days ago,0,"Los Angeles, CA"
14,Junior Software Engineer, span class  summary  Some key tasks for  b Junior  b  Software Engineer are listed as below  Works with Senior Software Engineers and the Director of Information Services on various     span ,30+ days ago,0,"Mountain View, CA"
0,Jr. Web Developer, span class  summary   b Jr  b   WebpageFX is looking for a passionate  efficient  b Jr  b   Passion for web development  likes to get things done  commitment to delivering high quality and defect     span ,12 days ago,0,"Harrisburg, PA"
1,Growing Tech Company Junior/MidLevel Systems Engineer, span class  summary  We are a customer service focused  Technology Value Added Reseller  Our engineering team is the backbone of our organization performing full service  span ,30+ days ago,0,"Los Angeles, CA"
2,Datacenter Operator Night Shift-1559483, span class  summary  itemprop  description   THIS IS A  b JUNIOR  b  LEVEL POSITION   Hewlett Packard Enterprise creates new possibilities for technology to have a meaningful impact on people  businesses      span ,Just posted,1,"Greenville, SC"
3,Junior Quality Engineer, span class  summary  itemprop  description   Working in Process Quality  the  b Jr  b   The  b Junior  b  Quality Engineer will be assigned to work in the following area       span ,Just posted,0,"North Mankato, MN"
4,Data Engineer II, span class  summary  itemprop  description   Data Engineer II Minneapolis  MN or King of Prussia  PA The primary responsibility of the Software Engineer II is to work with the data team to build out a     span ,Just posted,0,"Minneapolis, MN"
5,Business Development Intern, span class  summary  itemprop  description   Business  Marketing  Sales  Communications or similar majors in their  b Junior  b  or Senior of College  Business Development Internship       span ,Just posted,1,"Philadelphia, PA"
6,Kids Activities Supervisor, span class  summary  itemprop  description   At Life Time  the safety of our  b Junior  b  Members is a top priority  You ll help manage and lead a group of team members who are responsible for providing a fun      span ,Just posted,0,"Rochester Hills, MI"
7,Management Trainee - Fire Protection - Phoenix AZ, span class  summary  itemprop  description     May provide general guidance direction to or train  b junior  b  level support personnel  The company provides a broad range of products and value add services to     span ,Just posted,0,"Phoenix, AZ 85067 "
8,Marketing Intern, span class  summary  itemprop  description   Currently enrolled in an undergraduate four year degree program at a  b Junior  b  or Senior level  We are looking for a Marketing Intern to join our team in Plymouth      span ,Just posted,1,"Plymouth, MN"
9,"Loan Officer Jr - Boulder, CO", span class  summary  itemprop  description   The Loan Officer  b Jr  b  will provide general clerical support to assigned Loan Officers by assisting with functions associated with loan prospecting  origination      span ,Just posted,0,"Boulder, CO"
10,Animal Keeper-Animal Ambassador Program, span class  summary  itemprop  description    b Junior  b  Center of Art and Science  Water  weed  and clean plant beds adjacent to the JCAS facility  Support the mission of the  b Junior  b  Center of Art and Science     span ,Just posted,1,"Oakland, CA 94610 "
11,CAD Technician, span class  summary  itemprop  description   Post high school training from technical institutes   b junior  b  or community colleges  or extension divisions of universities is required      span ,Just posted,0,"Austin, TX"
12,Junior Estimator/Project Manager & Sales Support, span class  summary  Entry Level Construction Estimator Project Engineer  Sales Support   Based in Fremont CA  DRYCO Construction is seeking an entry level Estimator Project  span ,4 days ago,0,"Fremont, CA"
13,Junior Software Engineer, span class  summary  Due to the continued success that Hiperos enjoys  we are growing our team and are seeking a  b Junior  b  Software Engineer to join our engineering team located in     span ,30+ days ago,0,"Pittsburgh, PA"
14,Junior Software Engineer, span class  summary  Some key tasks for  b Junior  b  Software Engineer are listed as below  Works with Senior Software Engineers and the Director of Information Services on various     span ,30+ days ago,0,"Mountain View, CA"
0,Junior Software Engineer, span class  summary  Some key tasks for  b Junior  b  Software Engineer are listed as below  Works with Senior Software Engineers and the Director of Information Services on various     span ,30+ days ago,0,"Mountain View, CA"
1,Growing Tech Company Junior/MidLevel Systems Engineer, span class  summary  We are a customer service focused  Technology Value Added Reseller  Our engineering team is the backbone of our organization performing full service  span ,30+ days ago,0,"Los Angeles, CA"
2,Junior Software Engineer, span class  summary  Due to the continued success that Hiperos enjoys  we are growing our team and are seeking a  b Junior  b  Software Engineer to join our engineering team located in     span ,30+ days ago,0,"Pittsburgh, PA"
3,Corporate Recruiter, span class  summary  itemprop  description   You re comfortable recruiting for  b junior  b  to senior roles and working with multiple levels of managers and executives  Who Are You      span ,Just posted,0,New Jersey
4,Junior Sales Representative, span class  summary  itemprop  description    b Junior  b  Sales Representative  As a full time  b junior  b  sales representative you ll be trained on all of our products with the opportunity to generate business     span ,Just posted,0,"Rosemont, IL 60018"
5,Internal Auditor - Capital Management, span class  summary  itemprop  description   Assist in the training and cross training of  b junior  b  team members to ensure adequate audit coverage  Essential Duties and Responsibilities       span ,Just posted,0,"Charlotte, NC"
6,Construction Worker's, span class  summary  itemprop  description   Growing Construction Company looking for high quality Carpenters   b Junior  b  carpenters and Helpers  Work is mostly interior renovations including trim  windows      span ,Just posted,1,"Deer Park, NY 11729"
7,Program Management-Documentation SME, span class  summary  itemprop  description   The Contractor must have the experience and capability to support the assigned tasks and lead senior  journeyman  and  b junior  b  level support personnel      span ,Just posted,0,"Dayton, OH"
8,Junior Pre K Teacher, span class  summary  itemprop  description   Teacher needed for the older 3 s younger 4 s class  In a family oriented child development center  Lesson plans  supervision of children and teaching  Job  span ,Just posted,1,"Buda, TX 78610"
9,Inventory Management Supervisor, span class  summary  itemprop  description   Lead and mentor small group of  b junior  b  staff members  Mentor  b junior  b  staff in troubleshooting of equipment as well as process flow      span ,Just posted,0,"Lake County, IL"
10,Accountant, span class  summary  itemprop  description   May train  b junior  b  level staff and review  b junior  b  staff processing and reconciliations    3 5  years of tax accounting  compliance  experience preferred   would     span ,Just posted,1,"Columbia, MD"
11,Junior Accountant, span class  summary  itemprop  description   The qualified  b Junior  b  Staff Accountant will have   We are looking to add a  b Junior  b  Staff Accountant to our growing staff      span ,Just posted,0,"Philadelphia, PA"
12,Training Specialist – Field Sales, span class  summary  itemprop  description   This  b junior  b  level team member person will develop project proposals and plans  create new or update existing training content  to be used in the field  to train     span ,Just posted,0,"Dallas, TX"
13,Junior Estimator/Project Manager & Sales Support, span class  summary  Entry Level Construction Estimator Project Engineer  Sales Support   Based in Fremont CA  DRYCO Construction is seeking an entry level Estimator Project  span ,4 days ago,0,"Fremont, CA"
14,Jr. Web Developer, span class  summary   b Jr  b   WebpageFX is looking for a passionate  efficient  b Jr  b   Passion for web development  likes to get things done  commitment to delivering high quality and defect     span ,12 days ago,0,"Harrisburg, PA"
0,Junior Software Engineer, span class  summary  Some key tasks for  b Junior  b  Software Engineer are listed as below  Works with Senior Software Engineers and the Director of Information Services on various     span ,30+ days ago,0,"Mountain View, CA"
1,Jr. Web Developer, span class  summary   b Jr  b   WebpageFX is looking for a passionate  efficient  b Jr  b   Passion for web development  likes to get things done  commitment to delivering high quality and defect     span ,12 days ago,0,"Harrisburg, PA"
2,Junior Software Engineer, span class  summary  Due to the continued success that Hiperos enjoys  we are growing our team and are seeking a  b Junior  b  Software Engineer to join our engineering team located in     span ,30+ days ago,0,"Pittsburgh, PA"
3,ADMINISTRATIVE SECRETARY, span class  summary  itemprop  description   TRAINING MENTORING   Acts as a mentor and trainer to  b junior  b  level support staff  Assists the kidney transplant coordinators in gathering and processing     span ,Just posted,0,"Maywood, IL"
4,Junior Accountant, span class  summary  itemprop  description   The  b Junior  b  Accountant will be adaptable  have strong communication skills and will feel confident in completing general accounting functions      span ,Just posted,1,"New York, NY"
5,Medical Writing - 42401_1, span class  summary  itemprop  description   Ability to mentor more  b junior  b  colleagues and external vendors  The Medical Writing Author creates documents pertaining to clinical data and post marketing     span ,Just posted,1,"Groton, CT"
6,Freelance Junior Graphic Designer, span class  summary  itemprop  description   Zipcar  the world s largest car sharing provider and one of the coolest brands on the planet  is looking for a Freelance  b junior  b  graphic designer to become a     span ,Just posted,0,"Boston, MA 02210 "
7,Marketing Coordinator/Graphic Designer, span class  summary  itemprop  description    b Junior  b  to mid level coordinator with equivalent years of experience  Marketing Coordinator Graphic Designer       span ,Just posted,1,"Acton, MA"
8,Engineering Assistant, span class  summary  itemprop  description   Crop Production Services Overview Crop Production Services  CPS  is the largest agricultural product retailer in the United States  With over 150 years in  span ,Just posted,0,"Loveland, CO 80538"
9,Associate EHS Consultant, span class  summary  itemprop  description   May supervise and or mentor  b junior  b  staff  Responsibilities may include       span ,Just posted,0,"San Jose, CA"
10,Non-Paid Marketing Research and Analysis Internship, span class  summary  itemprop  description   JC Medical Center is offering a research and analysis based internship designed for a business  economics  or mathematics student  This program is intended to  span ,Just posted,1,"Orlando, FL 32811 "
11,Estimator, span class  summary  itemprop  description   We are looking for an entry level or  b Junior  b  Estimator to work alongside other Construction professionals in order to gain industry knowledge and further career     span ,Just posted,0,Georgia
12,Junior Mechanical Inspector, span class  summary  itemprop  description   Quality Fabrication Inc  is a mid sized  Precision Sheet Metal Fabrication and Machining company  located in Chatsworth  CA   91311  An AS9100 certified  span ,Just posted,1,"Chatsworth, CA 91311"
13,Junior Estimator/Project Manager & Sales Support, span class  summary  Entry Level Construction Estimator Project Engineer  Sales Support   Based in Fremont CA  DRYCO Construction is seeking an entry level Estimator Project  span ,4 days ago,0,"Fremont, CA"
14,Growing Tech Company Junior/MidLevel Systems Engineer, span class  summary  We are a customer service focused  Technology Value Added Reseller  Our engineering team is the backbone of our organization performing full service  span ,30+ days ago,0,"Los Angeles, CA"
0,Jr. Web Developer, span class  summary   b Jr  b   WebpageFX is looking for a passionate  efficient  b Jr  b   Passion for web development  likes to get things done  commitment to delivering high quality and defect     span ,12 days ago,0,"Harrisburg, PA"
1,Junior Software Engineer, span class  summary  Due to the continued success that Hiperos enjoys  we are growing our team and are seeking a  b Junior  b  Software Engineer to join our engineering team located in     span ,30+ days ago,0,"Pittsburgh, PA"
2,Growing Tech Company Junior/MidLevel Systems Engineer, span class  summary  We are a customer service focused  Technology Value Added Reseller  Our engineering team is the backbone of our organization performing full service  span ,30+ days ago,0,"Los Angeles, CA"
3,Junior to Mid Level SQL Engineer For innovative Consulting Firm, span class  summary  itemprop  description   My client in need is an up  amp  coming consulting firm that has been growing quite aggressively over the past couple of years  The company is technology focused  span ,Just posted,0,"New York, NY"
4,End User Technology Interm, span class  summary  itemprop  description   Experience developing  b junior  b  resources by mentoring them on secondary skills preferred  Fruit of the Loom  an independent  wholly owned subsidiary of Berkshire     span ,Just posted,0,"Bowling Green, KY"
5,Academic Coach - Junior High School Certificated Staff, span class  summary  itemprop  description   MENDOTA UNIFIED SCHOOL DISTRICT Position  Academic Coach FLSA  Exempt Department  Various School Sites Salary Schedule  Certificated Schedule Reports To   span ,Just posted,0,"Mendota, CA 93640"
6,Manufacturing Engineering Intern - Fall, span class  summary  itemprop  description   Completion of Sophomore Year in Mechanical Industrial Engineering at Min    b Junior  b  year completed preferred  Train and direct teams on the implementation of Lean     span ,Just posted,0,"Waterbury, CT"
7,Estimator - Waterworks - Stonewood WV, span class  summary  itemprop  description     May provide general guidance direction to or train  b junior  b  level support personnel  The company provides a broad range of products and value add services to     span ,Just posted,0,"Clarksburg, WV 26301"
8,Care Partner, span class  summary  itemprop  description   Completion of first semester  b junior  b  year in an accredited BSN program dependent upon school curriculum  VCU Health System s Supplemental Staffing Unit is     span ,Just posted,0,"Richmond, VA"
9,Analytics Manager, span class  summary  itemprop  description   Team player with the ability to mentor and manage  b junior  b  resources  Manage and mentor  b junior  b  staff members and project team colleagues      span ,Just posted,0,"Atlanta, GA 30346"
10,Sr. Business Analyst, span class  summary  itemprop  description   As a Senior Business Analyst  you will also develop  motivate  and provide mentorship to  b junior  b  staff in a way that fosters a team environment and helps enable     span ,Just posted,0,"Washington, DC 20037 "
11,Internal Audit - Intern, span class  summary  itemprop  description   A  b junior  b   senior or graduated student  The State Board of Administration of Florida  SBA  provides a variety of investment and trust services to various Florida     span ,Just posted,0,"Tallahassee, FL"
12,Production Management Engineer Co-op 2017, span class  summary  itemprop  description   Freshmen  sophomores   b juniors  b  or seniors currently enrolled in a college university undergraduate degree program in Chemical Engineering  Mechanical Engineering     span ,Just posted,0,"Hammond, IN 46320"
13,Junior Estimator/Project Manager & Sales Support, span class  summary  Entry Level Construction Estimator Project Engineer  Sales Support   Based in Fremont CA  DRYCO Construction is seeking an entry level Estimator Project  span ,4 days ago,0,"Fremont, CA"
14,Junior Software Engineer, span class  summary  Some key tasks for  b Junior  b  Software Engineer are listed as below  Works with Senior Software Engineers and the Director of Information Services on various     span ,30+ days ago,0,"Mountain View, CA"
0,Jr. Web Developer, span class  summary   b Jr  b   WebpageFX is looking for a passionate  efficient  b Jr  b   Passion for web development  likes to get things done  commitment to delivering high quality and defect     span ,12 days ago,0,"Harrisburg, PA"
1,Junior Software Engineer, span class  summary  Due to the continued success that Hiperos enjoys  we are growing our team and are seeking a  b Junior  b  Software Engineer to join our engineering team located in     span ,30+ days ago,0,"Pittsburgh, PA"
2,Gastroenterologist, span class  summary  itemprop  description   Loyola University Medical Center has a close partnership with Edward Hines   b Jr  b   Gastroenterologist   Loyola University Medical Center      span ,Just posted,0,"Chicago, IL 60626 "
3,Fall Service Team Intern, span class  summary  itemprop  description   Must currently be a rising  b junior  b  or senior in a four year degree college program  Are you looking to start your career at a company that invests in your     span ,Just posted,0,"Duluth, GA 30097"
4,Vice President, span class  summary  itemprop  description   Mentor  b junior  b  colleagues by providing career development goals  meeting regularly  writing and deliver semi annual reviews  and advocating for their career     span ,Just posted,0,"New York, NY"
5,Outside Golf Cart Staff - Part Time, span class  summary  itemprop  description   Home of the Nationwide Tour s Knoxville Open  Fox Den Country Club features a championship 18 hole golf course  full dining facilities   b jr  b   olympic pool  and     span ,Just posted,1,"Farragut, TN"
6,FPS - Document Controls Specialist, span class  summary  itemprop  description   May assist in training and developing new and  b junior  b  staff  Provides document formatting  typing  page layout  and eDeliverables for proposals  technical     span ,Just posted,0,"Morris, IL"
7,"AVP, Senior Risk Officer, Poliical Risk andTrade Cred", span class  summary  itemprop  description   Assists the Global Head of Risk in developing the skill set of more  b junior  b  risk analyst team members  Conducts research globally on country political and     span ,Just posted,1,"New York, NY"
8,"Software Engineer, Web Platform Technologies", span class  summary  itemprop  description   Mentor  b junior  b  engineers on the team  Adobe is seeking a Software Engineer with strong experience in web technologies to help build      span ,Just posted,0,"San Jose, CA"
9,Junior Level Aerospace/SatNav HWIL Systems Engineer, span class  summary  itemprop  description   MacB is seeking a  b junior  b  level engineer to operate  maintain and modify as needed a Hardware in the Loop  HWIL  simulator used for the testing of various     span ,Just posted,0,"Dayton, OH 45430"
10,Junior Project Manager, span class  summary  itemprop  description   This hourly  non exempt  position will serve all business areas of First American Bank through implementation of new or updated business processes and systems  span ,Just posted,0,"Elk Grove Village, IL 60007"
11,Jr. High Cross Country Coach (Boys and Girls), span class  summary  itemprop  description   Big Valley Joint Unified Application Deadline  Until Filled First Aid  CPR Letter of Introduction 3 Current Letters of Recommendation Current  span ,Just posted,0,"Bieber, CA"
12,Junior Estimator/Project Manager & Sales Support, span class  summary  Entry Level Construction Estimator Project Engineer  Sales Support   Based in Fremont CA  DRYCO Construction is seeking an entry level Estimator Project  span ,4 days ago,0,"Fremont, CA"
13,Growing Tech Company Junior/MidLevel Systems Engineer, span class  summary  We are a customer service focused  Technology Value Added Reseller  Our engineering team is the backbone of our organization performing full service  span ,30+ days ago,0,"Los Angeles, CA"
14,Junior Software Engineer, span class  summary  Some key tasks for  b Junior  b  Software Engineer are listed as below  Works with Senior Software Engineers and the Director of Information Services on various     span ,30+ days ago,0,"Mountain View, CA"
0,Junior Software Engineer, span class  summary  Some key tasks for  b Junior  b  Software Engineer are listed as below  Works with Senior Software Engineers and the Director of Information Services on various     span ,30+ days ago,0,"Mountain View, CA"
1,Junior Software Engineer, span class  summary  Due to the continued success that Hiperos enjoys  we are growing our team and are seeking a  b Junior  b  Software Engineer to join our engineering team located in     span ,30+ days ago,0,"Pittsburgh, PA"
2,"Business Intern-Amarillo, TX Job", span class  summary  itemprop  description   Sophomore or  b Junior  b  status in college majoring in supply chain  computer science  business  mathematics  financial or accounting      span ,Just posted,0,"Amarillo, TX 79101"
3,Jr. Account Manager / Inside Sales Rep, span class  summary  itemprop  description   Your responsibilities as an  b Jr  b   We are seeking highly energetic and self motivated individuals to join our inside sales team      span ,Just posted,1,"Richmond, VA"
4,Platform Developer, span class  summary  itemprop  description   Help mentor  b junior  b  team members by providing knowledge and expertise  What you ll do      span ,Just posted,0,"San Jose, CA"
5,Business Unit Analyst, span class  summary  itemprop  description   May mentor interns or  b junior  b  staff  The Business Unit Analyst reports to the a Vice President in ITS and is responsible for providing support in the supervision     span ,Just posted,0,California
6,Measurement Services Operations Manager (EPD), span class  summary  itemprop  description   The Measurement Services Operations Manager is responsible for the management and day to day oversight of all operational activities within a department to  span ,Just posted,0,"Dover, NH 03820"
7,Human Resources Intern, span class  summary  itemprop  description    b Junior  b   or Senior pursuing a degree in Human Resources or related field  HelpSytems has a great opportunity for a current student looking to gain valuable work     span ,Just posted,0,"Eden Prairie, MN"
8,Associate Clinical Operations Manager, span class  summary  itemprop  description   Additionally  the ACOM may train and provide guidance to  b junior  b  staff  The ACOM anticipates and proactively solves study related clinical site issues as they     span ,Just posted,0,"Greenville, SC"
9,"Dishwasher, Evenings", span class  summary  itemprop  description   Extensive amenities include a championship golf course  top tier cuisine  wine programs  two swimming pools  a new exercise facility with an on site personal     span ,Just posted,1,"Spring Lake, MI 49456"
10,Business Systems Analyst Specialist, span class  summary  itemprop  description   Coaches and mentors more  b junior  b  business systems analysts  Business industry professionals who elicit  analyze  communicate and validate business user     span ,Just posted,0,"Columbia, MD"
11,Bridge/ Structures Engineer, span class  summary  itemprop  description   You will also review assign work and or check design calculations estimates and specifications produced by  b junior  b  engineers and EITs      span ,Just posted,0,"Denver, CO 80202 "
12,Junior Estimator/Project Manager & Sales Support, span class  summary  Entry Level Construction Estimator Project Engineer  Sales Support   Based in Fremont CA  DRYCO Construction is seeking an entry level Estimator Project  span ,4 days ago,0,"Fremont, CA"
13,Growing Tech Company Junior/MidLevel Systems Engineer, span class  summary  We are a customer service focused  Technology Value Added Reseller  Our engineering team is the backbone of our organization performing full service  span ,30+ days ago,0,"Los Angeles, CA"
14,Jr. Web Developer, span class  summary   b Jr  b   WebpageFX is looking for a passionate  efficient  b Jr  b   Passion for web development  likes to get things done  commitment to delivering high quality and defect     span ,12 days ago,0,"Harrisburg, PA"
0,Jr. Systems Engineer, span class  summary  TASC  an Engility Company  is seeking a  b Jr  b  Systems Engineers who will be responsible for providing systems engineering support in one or more fundamental areas     span ,30+ days ago,0,"Chantilly, VA"
1,Junior Software Engineer, span class  summary  Infratek is a new technological start up and university spin off company focused on providing innovative  full spectrum infrastructure management systems  We  span ,11 days ago,0,"Princeton Junction, NJ"
2,JavaScript Web Developer (Jr to Sr level openings), span class  summary  JavaScript Web Developer  Jr to Sr level openings  Department Hospitality Job overview The Connected Products team is building a cloud based content  span ,30+ days ago,0,"Kirkland, WA"
3,"IT Portfolio Planner - Corp (Boise, ID)", span class  summary  itemprop  description   The J R  Simplot Company is a diverse  privately held organization  with roots firmly planted in agriculture and agriculture related businesses  These  span ,Just posted,0,"Boise, ID 83706 "
4,Supplier Quality Engineer, span class  summary  itemprop  description   Mentor  b junior  b  position personnel  Do you have what it takes to push the boundaries of game changing technologies  deliver results while working with a diverse     span ,Just posted,0,"Westford, MA"
5,Customer Relationship Analyst, span class  summary  itemprop  description   Train and manage  b Junior  b  Freight Analysts  Celadon  one of Indiana s fastest growing companies  is looking for Customer Relationship Analysts in its Customer     span ,Just posted,0,"Indianapolis, IN"
6,Technical Architect, span class  summary  itemprop  description   Mentor  b junior  b  colleagues by providing career development goals  meeting regularly  writing and deliver semi annual reviews  and advocating for their career     span ,Just posted,0,"Chicago, IL 60606 "
7,Car Salesperson, span class  summary  itemprop  description   We are currently seeking an experienced car salesperson to fill a position at our new Jackson  TN location  JR s Auto Sales is growing and as a result  offers  span ,Just posted,1,"Jackson, TN"
8,Junior Buyer/Planner, span class  summary  itemprop  description   Our client in Peabody  MA is looking for a  b Junior  b  Buyer Planner for a 6 month contract    Please apply with a Word version of your resume if possible        span ,Just posted,1,"Peabody, MA"
9,Customer Assistant, span class  summary  itemprop  description   James City County Parks  amp  Recreation seeking individuals to provide outstanding customer service while assisting visitors to the James City County Recreation     span ,Just posted,1,"Williamsburg, VA"
10,Lead Programmer, span class  summary  itemprop  description   You provide guidance to  b junior  b  members of the programming team  About Simple Machine      span ,Just posted,0,"New York, NY"
11,Assistant F&B Manager I, span class  summary  itemprop  description   The Assistant F amp B Manager I is a  b junior  b  level assistant manager  typically supporting the manager of a store with low sales volume and routine operations  and     span ,Just posted,0,"Clifton Springs, NY"
12,Special Education Teacher Jr/Sr High School, span class  summary  itemprop  description   Rio Blanco BOCES is currently seeking applications for a Special Education Teacher in the Rangely  b Jr  b  Senior High School District for the 2016 2017 school year      span ,Just posted,0,"Rangely, CO"
13,Junior Engineer - Software, span class  summary  This position is responsible for supporting TruTops Software  The TruTops Software is a technology oriented programming system with integrated know how from  span ,30+ days ago,0,"Farmington, CT"
14,Junior Developer, span class  summary  We are looking for  b junior  b  developers to join us  Do you have a passion for software development      span ,30+ days ago,0,"Chantilly, VA"
0,Jr. Web Developer, span class  summary   b Jr  b   WebpageFX is looking for a passionate  efficient  b Jr  b   Passion for web development  likes to get things done  commitment to delivering high quality and defect     span ,12 days ago,0,"Harrisburg, PA"
1,Growing Tech Company Junior/MidLevel Systems Engineer, span class  summary  We are a customer service focused  Technology Value Added Reseller  Our engineering team is the backbone of our organization performing full service  span ,30+ days ago,0,"Los Angeles, CA"
2,Junior Estimator/Project Manager & Sales Support, span class  summary  Entry Level Construction Estimator Project Engineer  Sales Support   Based in Fremont CA  DRYCO Construction is seeking an entry level Estimator Project  span ,4 days ago,0,"Fremont, CA"
3,Intern- Land Development (Winter Break), span class  summary  itemprop  description   Candidate must be currently enrolled in at least their  b junior  b  year within a Civil Engineering curriculum is required      span ,Just posted,0,"San Antonio, TX"
4,Implementation Project Mgr, span class  summary  itemprop  description   10  Train  b junior  b  team members in how to develop and monitor project plans  leading meeting  effectively communicating with customer      span ,Just posted,0,"King of Prussia, PA"
5,Dining Room and Banquet Servers, span class  summary  itemprop  description   Extensive amenities include a championship golf course  top tier cuisine  wine programs  two swimming pools  a new exercise facility with an on site personal     span ,Just posted,1,"Spring Lake, MI 49456"
6,Jr. SQL Developer – Hungry for knowledge & flextime? Apply!, span class  summary  itemprop  description   Some people crave pizza  others crave sushi  but you crave knowledge and great benefits like flextime  If you re hungry  motivated  and ready to learn look no  span ,Just posted,1,"Dallas, TX"
7,Big Data Development Lead - Intelligent Solutions, span class  summary  itemprop  description   Provide direction to  b junior  b  programmers  Big Data Development Lead   Intelligent Solutions      span ,Just posted,0,"Manhattan, NY"
8,Bartender, span class  summary  itemprop  description   Extensive amenities include a championship golf course  top tier cuisine  wine programs  two swimming pools  a new exercise facility with an on site personal     span ,Just posted,1,"Spring Lake, MI 49456"
9,Middleware Administrator, span class  summary  itemprop  description   Mentoring and training capabilities to  b junior  b  level staff  Job Title Senior Web Middleware Administrator  Contract to Hire       span ,Just posted,1,"Eagan, MN"
10,.NET Development Lead - Atlanta, span class  summary  itemprop  description   Provide guidance to  b junior  b  team members in terms of design decisions and task management  Become one with the Evermind      span ,Just posted,0,"Atlanta, GA"
11,Outside Sales Representative, span class  summary  itemprop  description   J  R  Bath is an industry leading bath remodeling company seeking an outside Sales Representative  Applicants should have a minimum one year  in home  sales  span ,Just posted,1,"Canton, OH"
12,Junior High Math and Social Studies Teacher, span class  summary  itemprop  description   Elisabeth School is seeking a  b Junior  b  High Math and Social Srtudies teacher for the 2016 2017 school year  St      span ,Just posted,0,"Los Angeles, CA"
13,Junior Software Engineer, span class  summary  Due to the continued success that Hiperos enjoys  we are growing our team and are seeking a  b Junior  b  Software Engineer to join our engineering team located in     span ,30+ days ago,0,"Pittsburgh, PA"
14,Junior Software Engineer, span class  summary  Some key tasks for  b Junior  b  Software Engineer are listed as below  Works with Senior Software Engineers and the Director of Information Services on various     span ,30+ days ago,0,"Mountain View, CA"
0,Jr. Web Developer, span class  summary   b Jr  b   WebpageFX is looking for a passionate  efficient  b Jr  b   Passion for web development  likes to get things done  commitment to delivering high quality and defect     span ,12 days ago,0,"Harrisburg, PA"
1,Growing Tech Company Junior/MidLevel Systems Engineer, span class  summary  We are a customer service focused  Technology Value Added Reseller  Our engineering team is the backbone of our organization performing full service  span ,30+ days ago,0,"Los Angeles, CA"
2,Junior Estimator/Project Manager & Sales Support, span class  summary  Entry Level Construction Estimator Project Engineer  Sales Support   Based in Fremont CA  DRYCO Construction is seeking an entry level Estimator Project  span ,4 days ago,0,"Fremont, CA"
3,Designer, span class  summary  itemprop  description   Ability to teach  b junior  b  designers  Fruit of the Loom  an independent  wholly owned subsidiary of Berkshire Hathaway Inc      span ,Just posted,0,"Bowling Green, KY"
4,Graphic Designer Contract/Temporary for In-House Design Department, span class  summary  itemprop  description   The  b junior  b  designer is responsible for the complete design of some projects  from initial concept through production   and also executes production of creative     span ,Just posted,1,"Roseville, MN 55113"
5,"Junior Manager, Benefits Programs", span class  summary  itemprop  description   Job Summary We are seeking an organized individual to join our Corporate Benefits team in order to help us deliver health and welfare benefit plans that  span ,Just posted,0,"New York, NY"
6,Solution Architect, span class  summary  itemprop  description   Mentor  b junior  b  colleagues by providing career development goals  meeting regularly  writing and deliver semi annual reviews  and advocating for their career     span ,Just posted,0,"Chicago, IL 60606 "
7,Nurse Study Coordinator, span class  summary  itemprop  description   Supervise  mentor and train new or  b junior  b  research staff  Medical Science  amp  Computing  MSC  is an exciting growth oriented company  dedicated to providing     span ,Just posted,1,"Bethesda, MD"
8,Junior Full Stack PHP Developer, span class  summary  itemprop  description   An exciting online performance marketing company has an immediate need for a Full Stack Developer for a direct hire full time position  This candidate will  span ,Just posted,0,"El Segundo, CA"
9,Network Engineer, span class  summary  itemprop  description   Candidate must possess excellent troubleshooting skills  thought leadership  and be able to teach or coach  b junior  b  members of the team    Citizens   Green Card       span ,Just posted,1,"Plano, TX"
10,Junior Cost Estimator/Research Analyst, span class  summary  itemprop  description   USfalcon  recognized as one of the fastest growing  privately held companies in the United States  is seeking a  b Junior  b  Cost Estimator Research Analyst to work     span ,Just posted,0,"Peterson AFB, CO"
11,Jr. Staff Accountant, span class  summary  itemprop  description   We are seeking a highly motivated  number savvy  b Junior  b  Staff Accountant who demonstrates knowledge of general accounting principles and procedures to join our     span ,Just posted,1,"Gurnee, IL"
12,Junior Compliance Attorney, span class  summary  itemprop  description   Temporary  b junior  b  Compliance Attorney with experience in Anti Bribery  amp  Corruption Compliance Job Duties   If you are qualified  interested and available in this     span ,Just posted,1,"New York, NY"
13,Junior Software Engineer, span class  summary  Due to the continued success that Hiperos enjoys  we are growing our team and are seeking a  b Junior  b  Software Engineer to join our engineering team located in     span ,30+ days ago,0,"Pittsburgh, PA"
14,Junior Software Engineer, span class  summary  Some key tasks for  b Junior  b  Software Engineer are listed as below  Works with Senior Software Engineers and the Director of Information Services on various     span ,30+ days ago,0,"Mountain View, CA"
0,Junior Software Engineer, span class  summary  Some key tasks for  b Junior  b  Software Engineer are listed as below  Works with Senior Software Engineers and the Director of Information Services on various     span ,30+ days ago,0,"Mountain View, CA"
1,Growing Tech Company Junior/MidLevel Systems Engineer, span class  summary  We are a customer service focused  Technology Value Added Reseller  Our engineering team is the backbone of our organization performing full service  span ,30+ days ago,0,"Los Angeles, CA"
2,Junior Estimator/Project Manager & Sales Support, span class  summary  Entry Level Construction Estimator Project Engineer  Sales Support   Based in Fremont CA  DRYCO Construction is seeking an entry level Estimator Project  span ,4 days ago,0,"Fremont, CA"
3,Application Developer, span class  summary  itemprop  description   As an Associate  you will design  develop and deliver solutions to clients while developing yourself and coaching  b junior  b  team members      span ,Just posted,0,"New York, NY"
4,Engineer - jr, span class  summary  itemprop  description   Support Quality Engineering activities in the design and development of orthopedic products to ensure the highest level of product and process quality  Also  span ,Just posted,0,"Mahwah, NJ"
5,Animal Protein Engineer Intern (Summer 2017), span class  summary  itemprop  description   Sophomores   b juniors  b  or seniors currently enrolled in a college university undergraduate degree program in Chemical Engineering  Mechanical Engineering      span ,Just posted,0,"Dodge City, KS"
6,Production Management Engineer Intern (Summer 2017), span class  summary  itemprop  description   Sophomores   b juniors  b  or seniors currently enrolled in a  Production Management Engineer Intern  Summer 2017       span ,Just posted,0,"Lansing, NY 14882"
7,Junior Copywriter, span class  summary  itemprop  description   Writing experience from articles and stories to social posts Ability to edit stories and develop new content A background interviewing subjects of your  span ,Just posted,0,"Holmdel, NJ"
8,Infrastructure Engineer, span class  summary  itemprop  description   Provide guidance and mentoring to  b junior  b  IT employees  Summary Objective       span ,Just posted,0,"Vandalia, OH"
9,"Eng 3, Software Dev & Engineering", span class  summary  itemprop  description   Comcast s Technology  amp  Product organization works at the intersection of media and technology  Our innovative teams are continually developing and delivering  span ,Just posted,0,"Philadelphia, PA 19103 "
10,Jr Oracle Retail Consultant/6 Months/Seattle WA, span class  summary  itemprop  description   Hello  We are looking for Oracle Retail Suite Consultant  Please reply back with your most recent word format resume contact information and the best time  span ,Just posted,1,"Seattle, WA"
11,Estimator - Executive General, span class  summary  itemprop  description   Train and mentor  b junior  b  estimators  Residential property estimating experience in excess of  50 000      span ,Just posted,0,"Albany, NY"
12,Human Resources Intern, span class  summary  itemprop  description    b Junior  b  or Senior level with a basic knowledge of HR functions and responsibilities  Specific duties could include       span ,Just posted,0,"Corpus Christi, TX 78402 "
13,Junior Software Engineer, span class  summary  Due to the continued success that Hiperos enjoys  we are growing our team and are seeking a  b Junior  b  Software Engineer to join our engineering team located in     span ,30+ days ago,0,"Pittsburgh, PA"
14,Jr. Web Developer, span class  summary   b Jr  b   WebpageFX is looking for a passionate  efficient  b Jr  b   Passion for web development  likes to get things done  commitment to delivering high quality and defect     span ,12 days ago,0,"Harrisburg, PA"
0,Junior Developer, span class  summary  We are looking for  b junior  b  developers to join us  Do you have a passion for software development      span ,30+ days ago,0,"Chantilly, VA"
1,Junior Software Engineer, span class  summary  Infratek is a new technological start up and university spin off company focused on providing innovative  full spectrum infrastructure management systems  We  span ,11 days ago,0,"Princeton Junction, NJ"
2,Junior Engineer - Software, span class  summary  This position is responsible for supporting TruTops Software  The TruTops Software is a technology oriented programming system with integrated know how from  span ,30+ days ago,0,"Farmington, CT"
3,Associate Professor, span class  summary  itemprop  description   And in  b junior  b  faculty experience  Student  resident  and fellow education  and mentoring of  b junior  b  faculty  University of Colorado      span ,Just posted,0,"Aurora, CO"
4,North Ogden Jr. - PT Chinese Teacher (.33 contract), span class  summary  itemprop  description   A position has been declared open in the Weber School District at North Ogden  b Jr  b   High for a Part time Chinese Teacher      span ,Just posted,0,"Ogden, UT 84405"
5,Assistant Teacher – Junior Kindergarten – Ashburn, span class  summary  itemprop  description    b Junior  b  Kindergarten teachers use inquiry learning teaching methods to prepare children for future success in school      span ,Just posted,1,"Ashburn, VA"
6,Cassandra - IT Developer, span class  summary  itemprop  description   Strong interpersonal and communication skills to facilitate working well in a team and mentor more  b junior  b  developers  Cassandra   IT Developer       span ,Just posted,1,"Atlanta, GA"
7,Program Cost Schedule and Control Analyst 4, span class  summary  itemprop  description   Work as a team with  b junior  b  employees on data inputs  and senior employees on EVMS planning activities  Northrop Grumman Technology Services      span ,Just posted,0,"Melbourne, FL"
8,Associate Attorney - Administrative Law, span class  summary  itemprop  description   Is able to oversee and educate direct  b junior  b  level Associates  Monzingo Legal has partnered with a regionally expanding downtown Austin law firm that has an     span ,Just posted,1,"Austin, TX"
9,Accounting Intern, span class  summary  itemprop  description    1  Recent college graduate with a business degree or  2   b junior  b  or senior year business accounting student      span ,Just posted,1,"Tustin, CA"
10,Big Data Architect, span class  summary  itemprop  description   What you ll do Selecting and integrating any Big Data tools and frameworks required to provide requested capabilities Implementing ETL processes Monitoring     span ,Just posted,0,"San Jose, CA"
11,Regional Field Campaign Director, span class  summary  itemprop  description   Provide professional guidance and training to  b junior  b  field staff  Grassroots Campaigns is looking for a highly ambitious candidate for our Regional Field     span ,Just posted,1,"Saint Petersburg, FL"
12,State Field Campaign Director, span class  summary  itemprop  description   Provide professional guidance and training to  b junior  b  field staff  Grassroots Campaigns is looking for a highly ambitious candidate for our Field Director     span ,Just posted,1,"Philadelphia, PA 19110 "
13,JavaScript Web Developer (Jr to Sr level openings), span class  summary  JavaScript Web Developer  Jr to Sr level openings  Department Hospitality Job overview The Connected Products team is building a cloud based content  span ,30+ days ago,0,"Kirkland, WA"
14,Jr. Systems Engineer, span class  summary  TASC  an Engility Company  is seeking a  b Jr  b  Systems Engineers who will be responsible for providing systems engineering support in one or more fundamental areas     span ,30+ days ago,0,"Chantilly, VA"
